feature,mean,std
gdp_per_capita,12574.517488917594,18852.7198359641
gdp_growth,3.6496597834286044,5.701535827338295
unemployment_ilo,8.018191325301204,6.063498932076945
inflation_cpi,7.270101290040708,20.102609376417824
trade_gdp_pct,87.50361005646862,55.1807342403549
rule_of_law,-0.08988021201399748,0.9852719367812152
government_effectiveness,-0.05106837038609974,0.982183022750312
hdi,0.6956938554216867,0.16454185265608615
